{
    "name": "root",
    "gauges": {
        "KartAgent.Policy.Entropy.mean": {
            "value": 1.0533803701400757,
            "min": 1.0501985549926758,
            "max": 1.1165645122528076,
            "count": 181
        },
        "KartAgent.Environment.EpisodeLength.mean": {
            "value": 993.75,
            "min": 820.0714285714286,
            "max": 1210.8181818181818,
            "count": 181
        },
        "KartAgent.Policy.ExtrinsicValueEstimate.mean": {
            "value": -0.0018774156924337149,
            "min": -0.20723527669906616,
            "max": 0.08062437176704407,
            "count": 181
        },
        "KartAgent.Environment.CumulativeReward.mean": {
            "value": -0.5929533652961254,
            "min": -1.8191098485674178,
            "max": -0.11344524721304576,
            "count": 181
        },
        "KartAgent.Policy.ExtrinsicReward.mean": {
            "value": -0.5929533652961254,
            "min": -1.8191098485674178,
            "max": -0.11344524721304576,
            "count": 181
        },
        "KartAgent.IsTraining.mean": {
            "value": 1.0,
            "min": 1.0,
            "max": 1.0,
            "count": 181
        },
        "KartAgent.Losses.ValueLoss.mean": {
            "value": 0.0024814147036522627,
            "min": 0.0011000924278050661,
            "max": 0.00573263643309474,
            "count": 174
        },
        "KartAgent.Losses.PolicyLoss.mean": {
            "value": 0.06854654103517532,
            "min": 0.06393609941005707,
            "max": 0.09093202650547028,
            "count": 174
        },
        "KartAgent.Policy.LearningRate.mean": {
            "value": 0.0002986998006235808,
            "min": 0.0002986998006235808,
            "max": 0.00029999250546097755,
            "count": 174
        },
        "KartAgent.Policy.Epsilon.mean": {
            "value": 0.19956660270690918,
            "min": 0.19956660270690918,
            "max": 0.19999751448631287,
            "count": 174
        },
        "KartAgent.Policy.Beta.mean": {
            "value": 0.0009957094443961978,
            "min": 0.0009957094443961978,
            "max": 0.0009999756002798676,
            "count": 174
        }
    },
    "metadata": {
        "timer_format_version": "0.1.0",
        "start_time_seconds": "1652856943",
        "python_version": "3.7.9 (tags/v3.7.9:13c94747c7, Aug 17 2020, 18:58:18) [MSC v.1900 64 bit (AMD64)]",
        "command_line_arguments": "C:\\Users\\jackl\\Documents\\GitHub\\Jack Kart\\venv\\Scripts\\mlagents-learn config/JackKart.yaml --initialize-from=FINAL_TRAINING_11 --run-id=FINAL_TRAINING_12",
        "mlagents_version": "0.20.0",
        "mlagents_envs_version": "0.20.0",
        "communication_protocol_version": "1.1.0",
        "tensorflow_version": "2.7.1",
        "numpy_version": "1.18.5",
        "end_time_seconds": "1652864309"
    },
    "total": 7365.5959109000005,
    "count": 1,
    "self": 3.1132241000004797,
    "children": {
        "run_training.setup": {
            "total": 0.051248400000000416,
            "count": 1,
            "self": 0.051248400000000416
        },
        "TrainerController.start_learning": {
            "total": 7362.4314384,
            "count": 1,
            "self": 7.5190556000152355,
            "children": {
                "TrainerController._reset_env": {
                    "total": 15.230405399999999,
                    "count": 1,
                    "self": 15.230405399999999
                },
                "TrainerController.advance": {
                    "total": 7339.260212499985,
                    "count": 273628,
                    "self": 3.676326500005416,
                    "children": {
                        "env_step": {
                            "total": 7335.583885999979,
                            "count": 273628,
                            "self": 7057.734322299913,
                            "children": {
                                "SubprocessEnvManager._take_step": {
                                    "total": 274.02394650022285,
                                    "count": 273628,
                                    "self": 8.67311220045491,
                                    "children": {
                                        "TFPolicy.evaluate": {
                                            "total": 265.35083429976794,
                                            "count": 271884,
                                            "self": 265.35083429976794
                                        }
                                    }
                                },
                                "workers": {
                                    "total": 3.825617199842842,
                                    "count": 273627,
                                    "self": 0.0,
                                    "children": {
                                        "worker_root": {
                                            "total": 7334.452056599996,
                                            "count": 273627,
                                            "is_parallel": true,
                                            "self": 738.0363591000942,
                                            "children": {
                                                "steps_from_proto": {
                                                    "total": 0.001433900000000321,
                                                    "count": 1,
                                                    "is_parallel": true,
                                                    "self": 0.0002641000000007665,
                                                    "children": {
                                                        "_process_vector_observation": {
                                                            "total": 0.0011697999999995545,
                                                            "count": 6,
                                                            "is_parallel": true,
                                                            "self": 0.0011697999999995545
                                                        }
                                                    }
                                                },
                                                "UnityEnvironment.step": {
                                                    "total": 6596.4142635999015,
                                                    "count": 273627,
                                                    "is_parallel": true,
                                                    "self": 76.89909419999458,
                                                    "children": {
                                                        "UnityEnvironment._generate_step_input": {
                                                            "total": 54.29770939988172,
                                                            "count": 273627,
                                                            "is_parallel": true,
                                                            "self": 54.29770939988172
                                                        },
                                                        "communicator.exchange": {
                                                            "total": 6207.86527520009,
                                                            "count": 273627,
                                                            "is_parallel": true,
                                                            "self": 6207.86527520009
                                                        },
                                                        "steps_from_proto": {
                                                            "total": 257.35218479993534,
                                                            "count": 273627,