{
    "name": "root",
    "gauges": {
        "KartAgent.Policy.Entropy.mean": {
            "value": 1.3957133293151855,
            "min": 1.3813363313674927,
            "max": 1.4279192686080933,
            "count": 32
        },
        "KartAgent.Environment.EpisodeLength.mean": {
            "value": 951.2666666666667,
            "min": 299.0,
            "max": 1084.5,
            "count": 32
        },
        "KartAgent.Policy.ExtrinsicValueEstimate.mean": {
            "value": -0.23849764466285706,
            "min": -0.288491427898407,
            "max": 0.2692347764968872,
            "count": 32
        },
        "KartAgent.Environment.CumulativeReward.mean": {
            "value": -1.8338572255202703,
            "min": -1.9573810517787933,
            "max": -1.3050298154354096,
            "count": 32
        },
        "KartAgent.Policy.ExtrinsicReward.mean": {
            "value": -1.8338572255202703,
            "min": -1.9573810517787933,
            "max": -1.3050298154354096,
            "count": 32
        },
        "KartAgent.IsTraining.mean": {
            "value": 1.0,
            "min": 1.0,
            "max": 1.0,
            "count": 32
        },
        "KartAgent.Losses.ValueLoss.mean": {
            "value": 0.0038101046811789274,
            "min": 0.0033467125613242388,
            "max": 0.07140368223190308,
            "count": 31
        },
        "KartAgent.Losses.PolicyLoss.mean": {
            "value": 0.06960437446832657,
            "min": 0.06635183840990067,
            "max": 0.07962779700756073,
            "count": 31
        },
        "KartAgent.Policy.LearningRate.mean": {
            "value": 0.0002997717820107937,
            "min": 0.0002997717820107937,
            "max": 0.0002999927382916212,
            "count": 31
        },
        "KartAgent.Policy.Epsilon.mean": {
            "value": 0.19992394745349884,
            "min": 0.19992394745349884,
            "max": 0.19999755918979645,
            "count": 31
        },
        "KartAgent.Policy.Beta.mean": {
            "value": 0.000999246840365231,
            "min": 0.000999246840365231,
            "max": 0.000999976065941155,
            "count": 31
        }
    },
    "metadata": {
        "timer_format_version": "0.1.0",
        "start_time_seconds": "1651389695",
        "python_version": "3.7.9 (tags/v3.7.9:13c94747c7, Aug 17 2020, 18:58:18) [MSC v.1900 64 bit (AMD64)]",
        "command_line_arguments": "C:\\Users\\jackl\\Documents\\GitHub\\Jack Kart\\venv\\Scripts\\mlagents-learn config/JackKart.yaml --run-id=KartNEW_01",
        "mlagents_version": "0.20.0",
        "mlagents_envs_version": "0.20.0",
        "communication_protocol_version": "1.1.0",
        "tensorflow_version": "2.7.1",
        "numpy_version": "1.18.5",
        "end_time_seconds": "1651391071"
    },
    "total": 1375.7126706000001,
    "count": 1,
    "self": 0.009500600000137638,
    "children": {
        "run_training.setup": {
            "total": 0.008278300000000183,
            "count": 1,
            "self": 0.008278300000000183
        },
        "TrainerController.start_learning": {
            "total": 1375.6948917,
            "count": 1,
            "self": 1.2611485000270477,
            "children": {
                "TrainerController._reset_env": {
                    "total": 9.4442244,
                    "count": 1,
                    "self": 9.4442244
                },
                "TrainerController.advance": {
                    "total": 1364.6681622999731,
                    "count": 50757,
                    "self": 0.6601213999761057,
                    "children": {
                        "env_step": {
                            "total": 1364.008040899997,
                            "count": 50757,
                            "self": 1316.2462956999902,
                            "children": {
                                "SubprocessEnvManager._take_step": {
                                    "total": 47.11153849999687,
                                    "count": 50757,
                                    "self": 1.55224459998567,
                                    "children": {
                                        "TFPolicy.evaluate": {
                                            "total": 45.5592939000112,
                                            "count": 49987,
                                            "self": 45.5592939000112
                                        }
                                    }
                                },
                                "workers": {
                                    "total": 0.650206700009905,
                                    "count": 50756,
                                    "self": 0.0,
                                    "children": {
                                        "worker_root": {
                                            "total": 1364.586046899993,
                                            "count": 50756,
                                            "is_parallel": true,
                                            "self": 128.3087598999748,
                                            "children": {
                                                "steps_from_proto": {
                                                    "total": 0.001239200000000551,
                                                    "count": 1,
                                                    "is_parallel": true,
                                                    "self": 0.00026110000000123534,
                                                    "children": {
                                                        "_process_vector_observation": {
                                                            "total": 0.0009780999999993156,
                                                            "count": 6,
                                                            "is_parallel": true,
                                                            "self": 0.0009780999999993156
                                                        }
                                                    }
                                                },
                                                "UnityEnvironment.step": {
                                                    "total": 1236.2760478000182,
                                                    "count": 50756,
                                                    "is_parallel": true,
                                                    "self": 13.934244900027124,
                                                    "children": {
                                                        "UnityEnvironment._generate_step_input": {
                                                            "total": 9.913628299996548,
                                                            "count": 50756,
                                                            "is_parallel": true,
                                                            "self": 9.913628299996548
                                                        },
                                                        "communicator.exchange": {
                                                            "total": 1166.4161079999956,
                                                            "count": 50756,
                                                            "is_parallel": true,
                                                            "self": 1166.4161079999956
                                                        },
                                                        "steps_from_proto": {
                                                            "total": 46.01206659999881,
                                                            "count": 50756,
                                                            "is_parallel": true,