{
    "name": "root",
    "gauges": {
        "KartAgent.Policy.Entropy.mean": {
            "value": 1.2985095977783203,
            "min": 1.2985095977783203,
            "max": 1.4189382791519165,
            "count": 40
        },
        "KartAgent.Environment.EpisodeLength.mean": {
            "value": 301.15384615384613,
            "min": 301.125,
            "max": 348.77142857142854,
            "count": 40
        },
        "KartAgent.Policy.ExtrinsicValueEstimate.mean": {
            "value": -0.41277459263801575,
            "min": -0.5644101500511169,
            "max": -0.2322082817554474,
            "count": 40
        },
        "KartAgent.Environment.CumulativeReward.mean": {
            "value": -2.301128314091609,
            "min": -2.3451129708971297,
            "max": -2.3011251091957092,
            "count": 40
        },
        "KartAgent.Policy.ExtrinsicReward.mean": {
            "value": -2.301128314091609,
            "min": -2.3451129708971297,
            "max": -2.3011251091957092,
            "count": 40
        },
        "KartAgent.IsTraining.mean": {
            "value": 1.0,
            "min": 1.0,
            "max": 1.0,
            "count": 40
        },
        "KartAgent.Losses.ValueLoss.mean": {
            "value": 0.052177343517541885,
            "min": 0.043510861694812775,
            "max": 0.110277459025383,
            "count": 39
        },
        "KartAgent.Losses.PolicyLoss.mean": {
            "value": 0.07711368799209595,
            "min": 0.06575461477041245,
            "max": 0.07863153517246246,
            "count": 39
        },
        "KartAgent.Policy.LearningRate.mean": {
            "value": 0.0002997158153448254,
            "min": 0.0002997158153448254,
            "max": 0.00029999276739545166,
            "count": 39
        },
        "KartAgent.Policy.Epsilon.mean": {
            "value": 0.19990527629852295,
            "min": 0.19990527629852295,
            "max": 0.19999760389328003,
            "count": 39
        },
        "KartAgent.Policy.Beta.mean": {
            "value": 0.0009990623220801353,
            "min": 0.0009990623220801353,
            "max": 0.0009999762987717986,
            "count": 39
        }
    },
    "metadata": {
        "timer_format_version": "0.1.0",
        "start_time_seconds": "1652728153",
        "python_version": "3.7.9 (tags/v3.7.9:13c94747c7, Aug 17 2020, 18:58:18) [MSC v.1900 64 bit (AMD64)]",
        "command_line_arguments": "C:\\Users\\jackl\\Documents\\GitHub\\Jack Kart\\venv\\Scripts\\mlagents-learn config/JackKart.yaml --run-id=Kart_IS_Training_16",
        "mlagents_version": "0.20.0",
        "mlagents_envs_version": "0.20.0",
        "communication_protocol_version": "1.1.0",
        "tensorflow_version": "2.7.1",
        "numpy_version": "1.18.5",
        "end_time_seconds": "1652737141"
    },
    "total": 8988.3947496,
    "count": 1,
    "self": 0.593151900000521,
    "children": {
        "run_training.setup": {
            "total": 0.008446399999999521,
            "count": 1,
            "self": 0.008446399999999521
        },
        "TrainerController.start_learning": {
            "total": 8987.7931513,
            "count": 1,
            "self": 11.59686859993235,
            "children": {
                "TrainerController._reset_env": {
                    "total": 12.510808700000002,
                    "count": 1,
                    "self": 12.510808700000002
                },
                "TrainerController.advance": {
                    "total": 8963.182488500068,
                    "count": 483163,
                    "self": 5.70528980004201,
                    "children": {
                        "env_step": {
                            "total": 8957.477198700026,
                            "count": 483163,
                            "self": 8597.755276799759,
                            "children": {
                                "SubprocessEnvManager._take_step": {
                                    "total": 353.5924962001507,
                                    "count": 483163,
                                    "self": 12.050361700020233,
                                    "children": {
                                        "TFPolicy.evaluate": {
                                            "total": 341.5421345001305,
                                            "count": 481927,
                                            "self": 341.5421345001305
                                        }
                                    }
                                },
                                "workers": {
                                    "total": 6.129425700116617,
                                    "count": 483162,
                                    "self": 0.0,
                                    "children": {
                                        "worker_root": {
                                            "total": 8959.005911300424,
                                            "count": 483162,
                                            "is_parallel": true,
                                            "self": 890.476932200716,
                                            "children": {
                                                "steps_from_proto": {
                                                    "total": 0.0007821999999997331,
                                                    "count": 1,
                                                    "is_parallel": true,
                                                    "self": 0.00023780000000250823,
                                                    "children": {
                                                        "_process_vector_observation": {
                                                            "total": 0.0005443999999972249,
                                                            "count": 6,
                                                            "is_parallel": true,
                                                            "self": 0.0005443999999972249
                                                        }
                                                    }
                                                },
                                                "UnityEnvironment.step": {
                                                    "total": 8068.528196899709,
                                                    "count": 483162,
                                                    "is_parallel": true,
                                                    "self": 53.054678500009686,
                                                    "children": {
                                                        "UnityEnvironment._generate_step_input": {
                                                            "total": 31.251382299460005,
                                                            "count": 483162,
                                                            "is_parallel": true,
                                                            "self": 31.251382299460005
                                                        },
                                                        "communicator.exchange": {
                                                            "total": 7805.011516300348,
                                                            "count": 483162,
                                                            "is_parallel": true,
                                                            "self": 7805.011516300348
                                                        },
                                                        "steps_from_proto": {
                                                            "total": 179.2106197998907,
                                                            "count": 483162,