{
    "name": "root",
    "gauges": {
        "KartAgent.Policy.Entropy.mean": {
            "value": 0.9457759857177734,
            "min": 0.9407587051391602,
            "max": 1.0780781507492065,
            "count": 300
        },
        "KartAgent.Environment.EpisodeLength.mean": {
            "value": 334.8888888888889,
            "min": 299.0,
            "max": 432.92857142857144,
            "count": 300
        },
        "KartAgent.Policy.ExtrinsicValueEstimate.mean": {
            "value": -0.3478180468082428,
            "min": -0.3565226197242737,
            "max": -0.22046349942684174,
            "count": 300
        },
        "KartAgent.Environment.CumulativeReward.mean": {
            "value": -1.3294542299376593,
            "min": -1.4145699739456177,
            "max": -1.2990001440048218,
            "count": 300
        },
        "KartAgent.Policy.ExtrinsicReward.mean": {
            "value": -1.3294542299376593,
            "min": -1.4145699739456177,
            "max": -1.2990001440048218,
            "count": 300
        },
        "KartAgent.IsTraining.mean": {
            "value": 1.0,
            "min": 1.0,
            "max": 1.0,
            "count": 300
        },
        "KartAgent.Losses.ValueLoss.mean": {
            "value": 0.009431052953004837,
            "min": 0.007344190962612629,
            "max": 0.034808024764060974,
            "count": 294
        },
        "KartAgent.Losses.PolicyLoss.mean": {
            "value": 0.06983261555433273,
            "min": 0.06255021691322327,
            "max": 0.08002875745296478,
            "count": 294
        },
        "KartAgent.Policy.LearningRate.mean": {
            "value": 0.00029784496291540563,
            "min": 0.00029784496291540563,
            "max": 0.00029999276739545166,
            "count": 294
        },
        "KartAgent.Policy.Epsilon.mean": {
            "value": 0.19928167760372162,
            "min": 0.19928167760372162,
            "max": 0.19999760389328003,
            "count": 294
        },
        "KartAgent.Policy.Beta.mean": {
            "value": 0.0009928884683176875,
            "min": 0.0009928884683176875,
            "max": 0.0009999762987717986,
            "count": 294
        }
    },
    "metadata": {
        "timer_format_version": "0.1.0",
        "start_time_seconds": "1652908234",
        "python_version": "3.7.9 (tags/v3.7.9:13c94747c7, Aug 17 2020, 18:58:18) [MSC v.1900 64 bit (AMD64)]",
        "command_line_arguments": "C:\\Users\\jackl\\Documents\\GitHub\\Jack Kart\\venv\\Scripts\\mlagents-learn config/JackKart.yaml --initialize-from=CEREAL_03 --run-id=CEREAL_04",
        "mlagents_version": "0.20.0",
        "mlagents_envs_version": "0.20.0",
        "communication_protocol_version": "1.1.0",
        "tensorflow_version": "2.7.1",
        "numpy_version": "1.18.5",
        "end_time_seconds": "1652913006"
    },
    "total": 4771.2695995,
    "count": 1,
    "self": 0.008383900000808353,
    "children": {
        "run_training.setup": {
            "total": 0.008196299999999823,
            "count": 1,
            "self": 0.008196299999999823
        },
        "TrainerController.start_learning": {
            "total": 4771.253019299999,
            "count": 1,
            "self": 10.514904100066815,
            "children": {
                "TrainerController._reset_env": {
                    "total": 13.3106832,
                    "count": 1,
                    "self": 13.3106832
                },
                "TrainerController.advance": {
                    "total": 4747.117114499932,
                    "count": 460101,
                    "self": 5.373533900153234,
                    "children": {
                        "env_step": {
                            "total": 4741.743580599778,
                            "count": 460101,
                            "self": 4337.706332199536,
                            "children": {
                                "SubprocessEnvManager._take_step": {
                                    "total": 398.69289779994693,
                                    "count": 460101,
                                    "self": 11.909816700212161,
                                    "children": {
                                        "TFPolicy.evaluate": {
                                            "total": 386.7830810997348,
                                            "count": 450194,
                                            "self": 386.7830810997348
                                        }
                                    }
                                },
                                "workers": {
                                    "total": 5.344350600296085,
                                    "count": 460100,
                                    "self": 0.0,
                                    "children": {
                                        "worker_root": {
                                            "total": 4742.896044300009,
                                            "count": 460100,
                                            "is_parallel": true,
                                            "self": 1128.79720979989,
                                            "children": {
                                                "steps_from_proto": {
                                                    "total": 0.0012631000000009607,
                                                    "count": 1,
                                                    "is_parallel": true,
                                                    "self": 0.0002770000000005268,
                                                    "children": {
                                                        "_process_vector_observation": {
                                                            "total": 0.0009861000000004339,
                                                            "count": 6,
                                                            "is_parallel": true,
                                                            "self": 0.0009861000000004339
                                                        }
                                                    }
                                                },
                                                "UnityEnvironment.step": {
                                                    "total": 3614.097571400119,
                                                    "count": 460100,
                                                    "is_parallel": true,
                                                    "self": 85.34188959989933,
                                                    "children": {
                                                        "UnityEnvironment._generate_step_input": {
                                                            "total": 58.36246680021901,
                                                            "count": 460100,
                                                            "is_parallel": true,
                                                            "self": 58.36246680021901
                                                        },
                                                        "communicator.exchange": {
                                                            "total": 3185.481691599948,
                                                            "count": 460100,
                                                            "is_parallel": true,
                                                            "self": 3185.481691599948
                                                        },
                                                        "steps_from_proto": {
                                                            "total": 284.9115234000524,
                                                            "count": 460100,