{
    "name": "root",
    "gauges": {
        "KartAgent.Policy.Entropy.mean": {
            "value": 1.3447394371032715,
            "min": 1.3447394371032715,
            "max": 1.4189382791519165,
            "count": 80
        },
        "KartAgent.Environment.EpisodeLength.mean": {
            "value": 545.1904761904761,
            "min": 299.0,
            "max": 569.5652173913044,
            "count": 80
        },
        "KartAgent.Policy.ExtrinsicValueEstimate.mean": {
            "value": -0.27042630314826965,
            "min": -0.35395488142967224,
            "max": 0.05300639942288399,
            "count": 80
        },
        "KartAgent.Environment.CumulativeReward.mean": {
            "value": -1.4928096646354312,
            "min": -1.511956663235374,
            "max": -1.2990001440048218,
            "count": 80
        },
        "KartAgent.Policy.ExtrinsicReward.mean": {
            "value": -1.4928096646354312,
            "min": -1.511956663235374,
            "max": -1.2990001440048218,
            "count": 80
        },
        "KartAgent.IsTraining.mean": {
            "value": 1.0,
            "min": 1.0,
            "max": 1.0,
            "count": 80
        },
        "KartAgent.Losses.ValueLoss.mean": {
            "value": 0.007654029410332441,
            "min": 0.007654029410332441,
            "max": 0.04786641150712967,
            "count": 76
        },
        "KartAgent.Losses.PolicyLoss.mean": {
            "value": 0.06947174668312073,
            "min": 0.06533554196357727,
            "max": 0.07888055592775345,
            "count": 76
        },
        "KartAgent.Policy.LearningRate.mean": {
            "value": 0.0002994311507791281,
            "min": 0.0002994311507791281,
            "max": 0.00029999276739545166,
            "count": 76
        },
        "KartAgent.Policy.Epsilon.mean": {
            "value": 0.19981037080287933,
            "min": 0.19981037080287933,
            "max": 0.19999760389328003,
            "count": 76
        },
        "KartAgent.Policy.Beta.mean": {
            "value": 0.0009981227340176702,
            "min": 0.0009981227340176702,
            "max": 0.0009999762987717986,
            "count": 76
        }
    },
    "metadata": {
        "timer_format_version": "0.1.0",
        "start_time_seconds": "1651057818",
        "python_version": "3.7.9 (tags/v3.7.9:13c94747c7, Aug 17 2020, 18:58:18) [MSC v.1900 64 bit (AMD64)]",
        "command_line_arguments": "C:\\Users\\jackl\\Documents\\GitHub\\Jack Kart\\venv\\Scripts\\mlagents-learn config/JackKart.yaml --run-id=Kart_02",
        "mlagents_version": "0.20.0",
        "mlagents_envs_version": "0.20.0",
        "communication_protocol_version": "1.1.0",
        "tensorflow_version": "2.7.1",
        "numpy_version": "1.18.5",
        "end_time_seconds": "1651062412"
    },
    "total": 4594.337895799999,
    "count": 1,
    "self": 0.8521905999996306,
    "children": {
        "run_training.setup": {
            "total": 0.008599699999999988,
            "count": 1,
            "self": 0.008599699999999988
        },
        "TrainerController.start_learning": {
            "total": 4593.4771055,
            "count": 1,
            "self": 7.051772200058622,
            "children": {
                "TrainerController._reset_env": {
                    "total": 12.9065178,
                    "count": 1,
                    "self": 12.9065178
                },
                "TrainerController.advance": {
                    "total": 4573.152264899942,
                    "count": 242302,
                    "self": 3.414522299996861,
                    "children": {
                        "env_step": {
                            "total": 4569.737742599945,
                            "count": 242302,
                            "self": 4333.9009570998005,
                            "children": {
                                "SubprocessEnvManager._take_step": {
                                    "total": 232.2715163000134,
                                    "count": 242302,
                                    "self": 7.935744499961885,
                                    "children": {
                                        "TFPolicy.evaluate": {
                                            "total": 224.3357718000515,
                                            "count": 240354,
                                            "self": 224.3357718000515
                                        }
                                    }
                                },
                                "workers": {
                                    "total": 3.565269200131077,
                                    "count": 242301,
                                    "self": 0.0,
                                    "children": {
                                        "worker_root": {
                                            "total": 4569.868847599987,
                                            "count": 242301,
                                            "is_parallel": true,
                                            "self": 585.3529657999611,
                                            "children": {
                                                "steps_from_proto": {
                                                    "total": 0.0010960999999998222,
                                                    "count": 1,
                                                    "is_parallel": true,
                                                    "self": 0.00026590000000226155,
                                                    "children": {
                                                        "_process_vector_observation": {
                                                            "total": 0.0008301999999975607,
                                                            "count": 6,
                                                            "is_parallel": true,
                                                            "self": 0.0008301999999975607
                                                        }
                                                    }
                                                },
                                                "UnityEnvironment.step": {
                                                    "total": 3984.514785700026,
                                                    "count": 242301,
                                                    "is_parallel": true,
                                                    "self": 47.19434840004715,
                                                    "children": {
                                                        "UnityEnvironment._generate_step_input": {
                                                            "total": 31.93147159991274,
                                                            "count": 242301,
                                                            "is_parallel": true,
                                                            "self": 31.93147159991274
                                                        },
                                                        "communicator.exchange": {
                                                            "total": 3753.234844000053,
                                                            "count": 242301,
                                                            "is_parallel": true,
                                                            "self": 3753.234844000053
                                                        },
                                                        "steps_from_proto": {
                                                            "total": 152.15412170001377,
                                                            "count": 242301,
                                                            "is_parallel": true,