{
    "name": "root",
    "gauges": {
        "KartAgent.Policy.Entropy.mean": {
            "value": 1.0560576915740967,
            "min": 1.0560576915740967,
            "max": 1.418938398361206,
            "count": 167
        },
        "KartAgent.Environment.EpisodeLength.mean": {
            "value": 1003.5454545454545,
            "min": 302.2,
            "max": 2757.8,
            "count": 167
        },
        "KartAgent.Policy.ExtrinsicValueEstimate.mean": {
            "value": 0.01728251203894615,
            "min": -0.2394006997346878,
            "max": 0.01743813045322895,
            "count": 167
        },
        "KartAgent.Environment.CumulativeReward.mean": {
            "value": -0.05164292951424917,
            "min": -2.894349346558253,
            "max": -0.04347627113262812,
            "count": 167
        },
        "KartAgent.Policy.ExtrinsicReward.mean": {
            "value": -0.05164292951424917,
            "min": -2.894349346558253,
            "max": -0.04347627113262812,
            "count": 167
        },
        "KartAgent.IsTraining.mean": {
            "value": 1.0,
            "min": 1.0,
            "max": 1.0,
            "count": 167
        },
        "KartAgent.Losses.ValueLoss.mean": {
            "value": 0.0018216840690001845,
            "min": 0.0008219675510190427,
            "max": 0.04448550194501877,
            "count": 161
        },
        "KartAgent.Losses.PolicyLoss.mean": {
            "value": 0.0760381892323494,
            "min": 0.06394301354885101,
            "max": 0.07878965139389038,
            "count": 161
        },
        "KartAgent.Policy.LearningRate.mean": {
            "value": 0.0002987986372318119,
            "min": 0.0002987986372318119,
            "max": 0.0002999927382916212,
            "count": 161
        },
        "KartAgent.Policy.Epsilon.mean": {
            "value": 0.19959953427314758,
            "min": 0.19959953427314758,
            "max": 0.19999755918979645,
            "count": 161
        },
        "KartAgent.Policy.Beta.mean": {
            "value": 0.000996035523712635,
            "min": 0.000996035523712635,
            "max": 0.000999976065941155,
            "count": 161
        }
    },
    "metadata": {
        "timer_format_version": "0.1.0",
        "start_time_seconds": "1651395018",
        "python_version": "3.7.9 (tags/v3.7.9:13c94747c7, Aug 17 2020, 18:58:18) [MSC v.1900 64 bit (AMD64)]",
        "command_line_arguments": "C:\\Users\\jackl\\Documents\\GitHub\\Jack Kart\\venv\\Scripts\\mlagents-learn config/JackKart.yaml --run-id=KartNEW_03",
        "mlagents_version": "0.20.0",
        "mlagents_envs_version": "0.20.0",
        "communication_protocol_version": "1.1.0",
        "tensorflow_version": "2.7.1",
        "numpy_version": "1.18.5",
        "end_time_seconds": "1651401810"
    },
    "total": 6791.130590299999,
    "count": 1,
    "self": 0.9562666999991052,
    "children": {
        "run_training.setup": {
            "total": 0.01984049999999904,
            "count": 1,
            "self": 0.01984049999999904
        },
        "TrainerController.start_learning": {
            "total": 6790.1544831,
            "count": 1,
            "self": 6.516210999701798,
            "children": {
                "TrainerController._reset_env": {
                    "total": 19.7452286,
                    "count": 1,
                    "self": 19.7452286
                },
                "TrainerController.advance": {
                    "total": 6763.6440030003,
                    "count": 252553,
                    "self": 3.2553410003465615,
                    "children": {
                        "env_step": {
                            "total": 6760.388661999953,
                            "count": 252553,
                            "self": 6513.370279400196,
                            "children": {
                                "SubprocessEnvManager._take_step": {
                                    "total": 243.62424709992683,
                                    "count": 252553,
                                    "self": 7.707826600148991,
                                    "children": {
                                        "TFPolicy.evaluate": {
                                            "total": 235.91642049977784,
                                            "count": 251371,
                                            "self": 235.91642049977784
                                        }
                                    }
                                },
                                "workers": {
                                    "total": 3.3941354998308704,
                                    "count": 252552,
                                    "self": 0.0,
                                    "children": {
                                        "worker_root": {
                                            "total": 6759.024794199664,
                                            "count": 252552,
                                            "is_parallel": true,
                                            "self": 655.9380935995205,
                                            "children": {
                                                "steps_from_proto": {
                                                    "total": 0.002239600000002895,
                                                    "count": 1,
                                                    "is_parallel": true,
                                                    "self": 0.00030780000000163454,
                                                    "children": {
                                                        "_process_vector_observation": {
                                                            "total": 0.0019318000000012603,
                                                            "count": 6,
                                                            "is_parallel": true,
                                                            "self": 0.0019318000000012603
                                                        }
                                                    }
                                                },
                                                "UnityEnvironment.step": {
                                                    "total": 6103.084461000143,
                                                    "count": 252552,
                                                    "is_parallel": true,
                                                    "self": 70.11530230040171,
                                                    "children": {
                                                        "UnityEnvironment._generate_step_input": {
                                                            "total": 49.690366699987145,
                                                            "count": 252552,
                                                            "is_parallel": true,
                                                            "self": 49.690366699987145
                                                        },
                                                        "communicator.exchange": {
                                                            "total": 5751.566798499939,
                                                            "count": 252552,
                                                            "is_parallel": true,
                                                            "self": 5751.566798499939
                                                        },
                                                        "steps_from_proto": {
                                                            "total": 231.71199349981583,
                                                            "count": 252552,
                                                            "is_parallel": true,