{
    "name": "root",
    "gauges": {
        "KartAgent.Policy.Entropy.mean": {
            "value": 0.3241546154022217,
            "min": 0.3241546154022217,
            "max": 1.054091453552246,
            "count": 256
        },
        "KartAgent.Policy.ExtrinsicValueEstimate.mean": {
            "value": 0.12563712894916534,
            "min": -0.22503064572811127,
            "max": 0.1339397430419922,
            "count": 256
        },
        "KartAgent.Environment.EpisodeLength.mean": {
            "value": 379.03125,
            "min": 373.65625,
            "max": 1033.6666666666667,
            "count": 256
        },
        "KartAgent.Environment.CumulativeReward.mean": {
            "value": 0.5905029717832804,
            "min": -3.7992640164765445,
            "max": 0.5976592246443033,
            "count": 256
        },
        "KartAgent.Policy.ExtrinsicReward.mean": {
            "value": 0.5905029717832804,
            "min": -3.7992640164765445,
            "max": 0.5976592246443033,
            "count": 256
        },
        "KartAgent.IsTraining.mean": {
            "value": 1.0,
            "min": 1.0,
            "max": 1.0,
            "count": 256
        },
        "KartAgent.Losses.ValueLoss.mean": {
            "value": 0.0021769183222204447,
            "min": 0.0017962998244911432,
            "max": 0.008991620503365993,
            "count": 250
        },
        "KartAgent.Losses.PolicyLoss.mean": {
            "value": 0.07536588609218597,
            "min": 0.06236175075173378,
            "max": 0.11311375349760056,
            "count": 250
        },
        "KartAgent.Policy.LearningRate.mean": {
            "value": 0.00029816394089721143,
            "min": 0.00029816394089721143,
            "max": 0.00029999250546097755,
            "count": 250
        },
        "KartAgent.Policy.Epsilon.mean": {
            "value": 0.19938798248767853,
            "min": 0.19938798248767853,
            "max": 0.19999751448631287,
            "count": 250
        },
        "KartAgent.Policy.Beta.mean": {
            "value": 0.0009939409792423248,
            "min": 0.0009939409792423248,
            "max": 0.0009999756002798676,
            "count": 250
        }
    },
    "metadata": {
        "timer_format_version": "0.1.0",
        "start_time_seconds": "1651477298",
        "python_version": "3.7.9 (tags/v3.7.9:13c94747c7, Aug 17 2020, 18:58:18) [MSC v.1900 64 bit (AMD64)]",
        "command_line_arguments": "C:\\Users\\jackl\\Documents\\GitHub\\Jack Kart\\venv\\Scripts\\mlagents-learn config/JackKart.yaml --initialize-from=KartNEW_03 --run-id=KartNEW_04",
        "mlagents_version": "0.20.0",
        "mlagents_envs_version": "0.20.0",
        "communication_protocol_version": "1.1.0",
        "tensorflow_version": "2.7.1",
        "numpy_version": "1.18.5",
        "end_time_seconds": "1651487753"
    },
    "total": 10455.2690853,
    "count": 1,
    "self": 0.9513562000011007,
    "children": {
        "run_training.setup": {
            "total": 0.008312899999999956,
            "count": 1,
            "self": 0.008312899999999956
        },
        "TrainerController.start_learning": {
            "total": 10454.3094162,
            "count": 1,
            "self": 9.881267899929298,
            "children": {
                "TrainerController._reset_env": {
                    "total": 10.9046871,
                    "count": 1,
                    "self": 10.9046871
                },
                "TrainerController.advance": {
                    "total": 10433.247653700071,
                    "count": 389895,
                    "self": 4.762847600135501,
                    "children": {
                        "env_step": {
                            "total": 10428.484806099936,
                            "count": 389895,
                            "self": 10060.339151999999,
                            "children": {
                                "SubprocessEnvManager._take_step": {
                                    "total": 363.08155669993664,
                                    "count": 389895,
                                    "self": 11.794391199779454,
                                    "children": {
                                        "TFPolicy.evaluate": {
                                            "total": 351.2871655001572,
                                            "count": 384224,
                                            "self": 351.2871655001572
                                        }
                                    }
                                },
                                "workers": {
                                    "total": 5.064097400000785,
                                    "count": 389894,
                                    "self": 0.0,
                                    "children": {
                                        "worker_root": {
                                            "total": 10425.089723600011,
                                            "count": 389894,
                                            "is_parallel": true,
                                            "self": 982.3628447997853,
                                            "children": {
                                                "steps_from_proto": {
                                                    "total": 0.0012246000000004642,
                                                    "count": 1,
                                                    "is_parallel": true,
                                                    "self": 0.0002589000000003949,
                                                    "children": {
                                                        "_process_vector_observation": {
                                                            "total": 0.0009657000000000693,
                                                            "count": 6,
                                                            "is_parallel": true,
                                                            "self": 0.0009657000000000693
                                                        }
                                                    }
                                                },
                                                "UnityEnvironment.step": {
                                                    "total": 9442.725654200225,
                                                    "count": 389894,
                                                    "is_parallel": true,
                                                    "self": 104.33842140048728,
                                                    "children": {
                                                        "UnityEnvironment._generate_step_input": {
                                                            "total": 74.26071309963879,
                                                            "count": 389894,
                                                            "is_parallel": true,
                                                            "self": 74.26071309963879
                                                        },
                                                        "communicator.exchange": {
                                                            "total": 8917.944645800104,
                                                            "count": 389894,
                                                            "is_parallel": true,
                                                            "self": 8917.944645800104
                                                        },
                                                        "steps_from_proto": {
                                                            "total": 346.18187389999514,
                                                            "count": 389894,