{"count":1,"self":416.72542719999996,"total":1692.4468983,"children":{"InitializeActuators":{"count":1,"self":0.0014877999999999998,"total":0.0014877999999999998,"children":null},"InitializeSensors":{"count":1,"self":0.00099209999999999988,"total":0.00099209999999999988,"children":null},"AgentSendState":{"count":569706,"self":3.971368,"total":506.9861105,"children":{"CollectObservations":{"count":113942,"self":0.4930716,"total":0.4930716,"children":null},"CollectDiscreteActionMasks":{"count":113942,"self":0.2124045,"total":0.2124045,"children":null},"RequestDecision":{"count":113942,"self":1.3453582,"total":502.3092666,"children":{"AgentInfo.ToProto":{"count":113942,"self":1.3431943,"total":500.9639084,"children":{"GenerateSensorData":{"count":113942,"self":74.3648128,"total":499.6207141,"children":{"CameraSensor.GetCompressedObservation":{"count":113942,"self":425.2559104,"total":425.25589829999996,"children":null}}}}}}}}},"DecideAction":{"count":569706,"self":765.18937599999992,"total":765.1893613,"children":null},"AgentAct":{"count":569706,"self":2.1184984,"total":2.1184984,"children":null},"AgentInfo.ToProto":{"count":307,"self":0.0049635999999999994,"total":1.4230262,"children":{"GenerateSensorData":{"count":307,"self":0.19444499999999998,"total":1.4180625999999998,"children":{"CameraSensor.GetCompressedObservation":{"count":307,"self":1.2236175999999999,"total":1.2236175999999999,"children":null}}}}}},"gauges":{"KartAgent.CumulativeReward":{"count":307,"max":1.8120023,"min":-45.84798,"runningAverage":-1.14464831,"value":-1.10100007,"weightedAverage":-0.622522652}},"metadata":{"timer_format_version":"0.1.0","start_time_seconds":"1652530938","unity_version":"2021.1.12f1","command_line_arguments":"C:\\Program Files\\UNITY\\2021.1.12f1\\Editor\\Unity.exe -projectpath C:\/Users\/jackl\/Documents\/GitHub\/Jack Kart -useHub -hubIPC -cloudEnvironment production -hubSessionId 44903310-d353-11ec-b75b-a90f0410f419 -accessToken G5k9rSLr0yN1q7Vsgd_LLZs1yYA-SVWxMjQm3RDGL1o005f","communication_protocol_version":"1.2.0","com.unity.ml-agents_version":"1.5.0-preview","scene_name":"ISTraining","end_time_seconds":"1652532630"}}