{"count":1,"self":2136.5411839999997,"total":10445.4348589,"children":{"InitializeActuators":{"count":8,"self":0.00099209999999999988,"total":0.00099209999999999988,"children":null},"InitializeSensors":{"count":8,"self":0.0014877,"total":0.0014877,"children":null},"AgentSendState":{"count":1921134,"self":46.2358112,"total":5808.1916419,"children":{"CollectObservations":{"count":3073816,"self":9.0816439999999989,"total":9.0816442,"children":null},"CollectDiscreteActionMasks":{"count":3073816,"self":4.3452532,"total":4.3452532999999995,"children":null},"RequestDecision":{"count":3073816,"self":18.9218256,"total":5748.5289333,"children":{"AgentInfo.ToProto":{"count":3073816,"self":13.3163664,"total":5729.6071075,"children":{"GenerateSensorData":{"count":3073816,"self":64.1930368,"total":5716.2907409,"children":{"RayPerceptionSensor.Perceive":{"count":6147632,"self":5652.0978432,"total":5652.0977016,"children":null}}}}}}}}},"DecideAction":{"count":1921134,"self":2458.5521151999997,"total":2458.5521516,"children":null},"AgentAct":{"count":1921134,"self":17.4230768,"total":17.423077499999998,"children":null},"AgentInfo.ToProto":{"count":7054,"self":0.0803521,"total":24.7207965,"children":{"GenerateSensorData":{"count":7054,"self":0.2852072,"total":24.6404444,"children":{"RayPerceptionSensor.Perceive":{"count":14108,"self":24.3552368,"total":24.355237199999998,"children":null}}}}}},"gauges":{"KartAgent.CumulativeReward":{"count":7054,"max":0.6111902,"min":-6.64746141,"runningAverage":0.3480348,"value":0.5891902,"weightedAverage":0.591906667}},"metadata":{"timer_format_version":"0.1.0","start_time_seconds":"1651477308","unity_version":"2021.1.12f1","command_line_arguments":"C:\\Program Files\\UNITY\\2021.1.12f1\\Editor\\Unity.exe -projectpath C:\/Users\/jackl\/Documents\/GitHub\/Jack Kart -useHub -hubIPC -cloudEnvironment production -hubSessionId c0345940-c9e6-11ec-a281-7f92a2b6aede -accessToken 7mqSvPytXgq0qaYdjfga529Peq8yPyFHYjh1IcxaoTU005f","communication_protocol_version":"1.2.0","com.unity.ml-agents_version":"1.5.0-preview","scene_name":"Jack-Kart","end_time_seconds":"1651487752"}}