{"count":1,"self":912.28375039999992,"total":4608.3524358999994,"children":{"InitializeActuators":{"count":8,"self":0.0009919,"total":0.0009919,"children":null},"InitializeSensors":{"count":8,"self":0.0014879,"total":0.0014879,"children":null},"AgentSendState":{"count":859767,"self":20.908638399999997,"total":2578.2973985999997,"children":{"CollectObservations":{"count":1375632,"self":3.8192312,"total":3.8192312999999998,"children":null},"CollectDiscreteActionMasks":{"count":1375632,"self":1.8934414,"total":1.8934414,"children":null},"RequestDecision":{"count":1375632,"self":8.7182176,"total":2551.6760867999997,"children":{"AgentInfo.ToProto":{"count":1375632,"self":5.8298492,"total":2542.9578693,"children":{"GenerateSensorData":{"count":1375632,"self":28.550700799999998,"total":2537.1280201,"children":{"RayPerceptionSensor.Perceive":{"count":2751264,"self":2508.5773824,"total":2508.5773203,"children":null}}}}}}}}},"DecideAction":{"count":859767,"self":1098.9341696,"total":1098.9341758,"children":null},"AgentAct":{"count":859767,"self":7.4856048,"total":7.4856048,"children":null},"AgentInfo.ToProto":{"count":4567,"self":0.033228099999999997,"total":11.3480172,"children":{"GenerateSensorData":{"count":4567,"self":0.1398476,"total":11.314789099999999,"children":{"RayPerceptionSensor.Perceive":{"count":9134,"self":11.1749416,"total":11.1749415,"children":null}}}}}},"gauges":{"KartAgent.CumulativeReward":{"count":4567,"max":-1.30099976,"min":-1.93999076,"runningAverage":-1.30275381,"value":-1.30099976,"weightedAverage":-1.30119038}},"metadata":{"timer_format_version":"0.1.0","start_time_seconds":"1651140665","unity_version":"2021.1.12f1","command_line_arguments":"C:\\Program Files\\UNITY\\2021.1.12f1\\Editor\\Unity.exe -projectpath C:\/Users\/jackl\/Documents\/GitHub\/Jack Kart -useHub -hubIPC -cloudEnvironment production -hubSessionId 5e27b0d0-c6c1-11ec-9fc2-0b02f024681a -accessToken bqzKS6jZ3-FRNmRK5SIsf9AvXkTHy7HjBS0Gjs1xqQk005f","communication_protocol_version":"1.2.0","com.unity.ml-agents_version":"1.5.0-preview","scene_name":"Jack-Kart","end_time_seconds":"1651145273"}}