{"count":1,"self":1342.78912,"total":7351.0877096999993,"children":{"InitializeActuators":{"count":8,"self":0.0009922,"total":0.0009922,"children":null},"InitializeSensors":{"count":8,"self":0.00099209999999999988,"total":0.00099209999999999988,"children":null},"AgentSendState":{"count":1359434,"self":32.6555584,"total":4200.0734087,"children":{"CollectObservations":{"count":2175096,"self":6.7368904,"total":6.7368901999999995,"children":null},"CollectDiscreteActionMasks":{"count":2175096,"self":2.8788356,"total":2.8788356,"children":null},"RequestDecision":{"count":2175096,"self":12.658495199999999,"total":4157.8021234,"children":{"AgentInfo.ToProto":{"count":2175096,"self":8.8746192,"total":4145.1436285,"children":{"GenerateSensorData":{"count":2175096,"self":45.012208,"total":4136.2690096999995,"children":{"RayPerceptionSensor.Perceive":{"count":4350192,"self":4091.256832,"total":4091.2568029999998,"children":null}}}}}}}}},"DecideAction":{"count":1359434,"self":1787.8646784,"total":1787.8646942999999,"children":null},"AgentAct":{"count":1359434,"self":12.6883944,"total":12.6883944,"children":null},"AgentInfo.ToProto":{"count":2070,"self":0.0178566,"total":7.6636741,"children":{"GenerateSensorData":{"count":2070,"self":0.0743983,"total":7.6458175,"children":{"RayPerceptionSensor.Perceive":{"count":4140,"self":7.5714191999999993,"total":7.5714191999999993,"children":null}}}}}},"gauges":{"KartAgent.CumulativeReward":{"count":2070,"max":0.0218094457,"min":-2.70870686,"runningAverage":-0.570041358,"value":-1.45404661,"weightedAverage":-0.6448924}},"metadata":{"timer_format_version":"0.1.0","start_time_seconds":"1652856957","unity_version":"2021.1.12f1","command_line_arguments":"C:\\Program Files\\UNITY\\2021.1.12f1\\Editor\\Unity.exe -projectpath C:\/Users\/jackl\/Documents\/GitHub\/Jack Kart -useHub -hubIPC -cloudEnvironment production -hubSessionId 05ecf3b0-d677-11ec-a420-7fc985856504 -accessToken te2bFAzr6oZRjhCPmiS0nfr7eMICJdQwoafpf9lx_iA005f","communication_protocol_version":"1.2.0","com.unity.ml-agents_version":"1.5.0-preview","scene_name":"Jack-Kart","end_time_seconds":"1652864307"}}