{"count":1,"self":927.5490304,"total":4582.548587,"children":{"InitializeActuators":{"count":4,"self":0.0014877999999999998,"total":0.0014877999999999998,"children":null},"InitializeSensors":{"count":4,"self":0.0019860999999999998,"total":0.0019860999999999998,"children":null},"AgentSendState":{"count":1201784,"self":18.2748304,"total":2323.310113,"children":{"CollectObservations":{"count":961428,"self":3.3749279999999997,"total":3.3749278,"children":null},"CollectDiscreteActionMasks":{"count":961428,"self":1.5979377,"total":1.5979377,"children":null},"RequestDecision":{"count":961428,"self":7.5606016,"total":2300.0624172,"children":{"AgentInfo.ToProto":{"count":961428,"self":5.551406,"total":2292.5018157,"children":{"GenerateSensorData":{"count":961428,"self":25.1983872,"total":2286.9504096,"children":{"RayPerceptionSensor.Perceive":{"count":1922856,"self":2261.7520128,"total":2261.752022,"children":null}}}}}}}}},"DecideAction":{"count":1201784,"self":1317.9726848,"total":1317.9726682,"children":null},"AgentAct":{"count":1201784,"self":6.3315588,"total":6.3315586999999995,"children":null},"AgentInfo.ToProto":{"count":3007,"self":0.0233178,"total":7.3783011,"children":{"GenerateSensorData":{"count":3007,"self":0.100297,"total":7.3549833,"children":{"RayPerceptionSensor.Perceive":{"count":6014,"self":7.2546864,"total":7.2546862999999995,"children":null}}}}}},"gauges":{"KartAgent.CumulativeReward":{"count":3007,"max":-1.30099976,"min":-2.87903357,"runningAverage":-1.3161844,"value":-1.30099976,"weightedAverage":-1.32493}},"metadata":{"timer_format_version":"0.1.0","start_time_seconds":"1651057829","unity_version":"2021.1.12f1","command_line_arguments":"C:\\Program Files\\UNITY\\2021.1.12f1\\Editor\\Unity.exe -projectpath C:\/Users\/jackl\/Documents\/GitHub\/Jack Kart -useHub -hubIPC -cloudEnvironment production -hubSessionId a22c3450-c5f8-11ec-bea0-bf1a19b164c6 -accessToken DRYq2FhmrZhKW5mIP0cSBZDwV389foA3C-9Xt16QBho005f","communication_protocol_version":"1.2.0","com.unity.ml-agents_version":"1.5.0-preview","scene_name":"Jack-Kart","end_time_seconds":"1651062411"}}