{"count":1,"self":67.4133056,"total":67.4688657,"children":{"InitializeActuators":{"count":1,"self":0.0034717999999999997,"total":0.0034717999999999997,"children":null},"InitializeSensors":{"count":1,"self":0.0014915999999999998,"total":0.0014915999999999998,"children":null},"AgentSendState":{"count":1,"self":0.0014918,"total":0.0029787999999999998,"children":{"CollectObservations":{"count":1,"self":0.00049279999999999994,"total":0.00049279999999999994,"children":null},"CollectDiscreteActionMasks":{"count":1,"self":0,"total":0,"children":null},"RequestDecision":{"count":1,"self":0.0009942,"total":0.0009942,"children":null}}},"DecideAction":{"count":1,"self":0.0416625,"total":0.0461272,"children":{"RayPerceptionSensor.Perceive":{"count":2,"self":0.0044646999999999994,"total":0.0044646999999999994,"children":null}}},"AgentAct":{"count":1,"self":0.00049679999999999993,"total":0.00049679999999999993,"children":null}},"gauges":{},"metadata":{"timer_format_version":"0.1.0","start_time_seconds":"1652352931","unity_version":"2021.1.12f1","command_line_arguments":"C:\\Program Files\\UNITY\\2021.1.12f1\\Editor\\Unity.exe -projectpath C:\/Users\/jackl\/Documents\/GitHub\/Jack Kart -useHub -hubIPC -cloudEnvironment production -hubSessionId 9354c6b0-d1c2-11ec-9621-eb4abdd24ab5 -accessToken B-0Rq21S04QQKcRZp0NvHDQye2d8tWSRNtt607BXc3o005f","communication_protocol_version":"1.2.0","com.unity.ml-agents_version":"1.5.0-preview","scene_name":"Jack-Kart","end_time_seconds":"1652352999"}}