{
    "name": "root",
    "gauges": {
        "KartAgent.Policy.Entropy.mean": {
            "value": 1.383715033531189,
            "min": 1.383715033531189,
            "max": 1.418938398361206,
            "count": 8
        },
        "KartAgent.Environment.EpisodeLength.mean": {
            "value": 7240.0,
            "min": 1211.0,
            "max": 7240.0,
            "count": 8
        },
        "KartAgent.Policy.ExtrinsicValueEstimate.mean": {
            "value": -0.09707275778055191,
            "min": -0.11408650130033493,
            "max": -0.06172382831573486,
            "count": 8
        },
        "KartAgent.Environment.CumulativeReward.mean": {
            "value": -11.65100109577179,
            "min": -11.65100109577179,
            "max": -1.4848002552986146,
            "count": 8
        },
        "KartAgent.Policy.ExtrinsicReward.mean": {
            "value": -11.65100109577179,
            "min": -11.65100109577179,
            "max": -1.4848002552986146,
            "count": 8
        },
        "KartAgent.IsTraining.mean": {
            "value": 1.0,
            "min": 1.0,
            "max": 1.0,
            "count": 8
        },
        "KartAgent.Losses.ValueLoss.mean": {
            "value": 0.0020248640794306993,
            "min": 0.0011046876898035407,
            "max": 0.0040358686819672585,
            "count": 7
        },
        "KartAgent.Losses.PolicyLoss.mean": {
            "value": 0.0648016482591629,
            "min": 0.0648016482591629,
            "max": 0.07197467982769012,
            "count": 7
        },
        "KartAgent.Policy.LearningRate.mean": {
            "value": 0.00029994736541993916,
            "min": 0.00029994736541993916,
            "max": 0.0002999924181494862,
            "count": 7
        },
        "KartAgent.Policy.Epsilon.mean": {
            "value": 0.1999824196100235,
            "min": 0.1999824196100235,
            "max": 0.19999746978282928,
            "count": 7
        },
        "KartAgent.Policy.Beta.mean": {
            "value": 0.0009998261230066419,
            "min": 0.0009998261230066419,
            "max": 0.0009999750182032585,
            "count": 7
        }
    },
    "metadata": {
        "timer_format_version": "0.1.0",
        "start_time_seconds": "1652518231",
        "python_version": "3.7.9 (tags/v3.7.9:13c94747c7, Aug 17 2020, 18:58:18) [MSC v.1900 64 bit (AMD64)]",
        "command_line_arguments": "C:\\Users\\jackl\\Documents\\GitHub\\Jack Kart\\venv\\Scripts\\mlagents-learn config/JackKart.yaml --run-id=Kart_IS_Training_01",
        "mlagents_version": "0.20.0",
        "mlagents_envs_version": "0.20.0",
        "communication_protocol_version": "1.1.0",
        "tensorflow_version": "2.7.1",
        "numpy_version": "1.18.5",
        "end_time_seconds": "1652519763"
    },
    "total": 1532.2211594,
    "count": 1,
    "self": 0.00965570000016669,
    "children": {
        "run_training.setup": {
            "total": 0.012853499999999851,
            "count": 1,
            "self": 0.012853499999999851
        },
        "TrainerController.start_learning": {
            "total": 1532.1986502,
            "count": 1,
            "self": 2.795586599974058,
            "children": {
                "TrainerController._reset_env": {
                    "total": 14.099882700000002,
                    "count": 1,
                    "self": 14.099882700000002
                },
                "TrainerController.advance": {
                    "total": 1514.6990074000257,
                    "count": 105063,
                    "self": 1.2800473000536385,
                    "children": {
                        "env_step": {
                            "total": 1513.418960099972,
                            "count": 105063,
                            "self": 1298.1141508000553,
                            "children": {
                                "SubprocessEnvManager._take_step": {
                                    "total": 213.374319599937,
                                    "count": 105063,
                                    "self": 2.9377498999346017,
                                    "children": {
                                        "TFPolicy.evaluate": {
                                            "total": 210.4365697000024,
                                            "count": 105038,
                                            "self": 210.4365697000024
                                        }
                                    }
                                },
                                "workers": {
                                    "total": 1.9304896999797627,
                                    "count": 105062,
                                    "self": 0.0,
                                    "children": {
                                        "worker_root": {
                                            "total": 1515.3363744000062,
                                            "count": 105062,
                                            "is_parallel": true,
                                            "self": 361.5737752999919,
                                            "children": {
                                                "steps_from_proto": {
                                                    "total": 0.03937819999999981,
                                                    "count": 1,
                                                    "is_parallel": true,
                                                    "self": 0.00023579999999867596,
                                                    "children": {
                                                        "_process_visual_observation": {
                                                            "total": 0.035870900000000816,
                                                            "count": 2,
                                                            "is_parallel": true,
                                                            "self": 8.080000000099119e-05,
                                                            "children": {
                                                                "observation_to_np_array": {
                                                                    "total": 0.035790099999999825,
                                                                    "count": 1,
                                                                    "is_parallel": true,
                                                                    "self": 6.660000000024979e-05,
                                                                    "children": {
                                                                        "process_pixels": {
                                                                            "total": 0.035723499999999575,
                                                                            "count": 1,
                                                                            "is_parallel": true,
                                                                            "self": 0.002717999999999776,
                                                                            "children": {
                                                                                "image_decompress": {
                                                                                    "total": 0.0330054999999998,
                                                                                    "count": 1,
                                                                                    "is_parallel": true,