{
    "name": "root",
    "gauges": {
        "KartAgent.Policy.Entropy.mean": {
            "value": 1.3071389198303223,
            "min": 1.3071389198303223,
            "max": 1.4194124937057495,
            "count": 86
        },
        "KartAgent.Environment.EpisodeLength.mean": {
            "value": 929.6153846153846,
            "min": 305.6666666666667,
            "max": 2337.75,
            "count": 86
        },
        "KartAgent.Policy.ExtrinsicValueEstimate.mean": {
            "value": -0.009282332845032215,
            "min": -0.20959225296974182,
            "max": 0.2017878144979477,
            "count": 86
        },
        "KartAgent.Environment.CumulativeReward.mean": {
            "value": 0.026651933789253235,
            "min": -2.3281191997230053,
            "max": 0.026651933789253235,
            "count": 86
        },
        "KartAgent.Policy.ExtrinsicReward.mean": {
            "value": 0.026651933789253235,
            "min": -2.3281191997230053,
            "max": 0.026651933789253235,
            "count": 86
        },
        "KartAgent.IsTraining.mean": {
            "value": 1.0,
            "min": 1.0,
            "max": 1.0,
            "count": 86
        },
        "KartAgent.Losses.ValueLoss.mean": {
            "value": 0.0017104224534705281,
            "min": 0.0011522022541612387,
            "max": 0.0501888282597065,
            "count": 83
        },
        "KartAgent.Losses.PolicyLoss.mean": {
            "value": 0.06956350803375244,
            "min": 0.06486513465642929,
            "max": 0.0815131887793541,
            "count": 83
        },
        "KartAgent.Policy.LearningRate.mean": {
            "value": 0.000299383100355044,
            "min": 0.000299383100355044,
            "max": 0.00029999276739545166,
            "count": 83
        },
        "KartAgent.Policy.Epsilon.mean": {
            "value": 0.19979435205459595,
            "min": 0.19979435205459595,
            "max": 0.19999755918979645,
            "count": 83
        },
        "KartAgent.Policy.Beta.mean": {
            "value": 0.0009979641763493419,
            "min": 0.0009979641763493419,
            "max": 0.000999976065941155,
            "count": 83
        }
    },
    "metadata": {
        "timer_format_version": "0.1.0",
        "start_time_seconds": "1651391249",
        "python_version": "3.7.9 (tags/v3.7.9:13c94747c7, Aug 17 2020, 18:58:18) [MSC v.1900 64 bit (AMD64)]",
        "command_line_arguments": "C:\\Users\\jackl\\Documents\\GitHub\\Jack Kart\\venv\\Scripts\\mlagents-learn config/JackKart.yaml --run-id=KartNEW_02",
        "mlagents_version": "0.20.0",
        "mlagents_envs_version": "0.20.0",
        "communication_protocol_version": "1.1.0",
        "tensorflow_version": "2.7.1",
        "numpy_version": "1.18.5",
        "end_time_seconds": "1651394784"
    },
    "total": 3534.8593909,
    "count": 1,
    "self": 0.2327951000002031,
    "children": {
        "run_training.setup": {
            "total": 0.02533279999999971,
            "count": 1,
            "self": 0.02533279999999971
        },
        "TrainerController.start_learning": {
            "total": 3534.601263,
            "count": 1,
            "self": 3.273709400032658,
            "children": {
                "TrainerController._reset_env": {
                    "total": 13.6125324,
                    "count": 1,
                    "self": 13.6125324
                },
                "TrainerController.advance": {
                    "total": 3517.402609299967,
                    "count": 130405,
                    "self": 1.5967629999736346,
                    "children": {
                        "env_step": {
                            "total": 3515.8058462999934,
                            "count": 130405,
                            "self": 3393.8021053000525,
                            "children": {
                                "SubprocessEnvManager._take_step": {
                                    "total": 120.36240709992786,
                                    "count": 130405,
                                    "self": 3.7463537999235683,
                                    "children": {
                                        "TFPolicy.evaluate": {
                                            "total": 116.6160533000043,
                                            "count": 129504,
                                            "self": 116.6160533000043
                                        }
                                    }
                                },
                                "workers": {
                                    "total": 1.6413339000129135,
                                    "count": 130404,
                                    "self": 0.0,
                                    "children": {
                                        "worker_root": {
                                            "total": 3515.481145199988,
                                            "count": 130404,
                                            "is_parallel": true,
                                            "self": 326.87424240003656,
                                            "children": {
                                                "steps_from_proto": {
                                                    "total": 0.0012550000000004502,
                                                    "count": 1,
                                                    "is_parallel": true,
                                                    "self": 0.00026870000000123184,
                                                    "children": {
                                                        "_process_vector_observation": {
                                                            "total": 0.0009862999999992184,
                                                            "count": 6,
                                                            "is_parallel": true,
                                                            "self": 0.0009862999999992184
                                                        }
                                                    }
                                                },
                                                "UnityEnvironment.step": {
                                                    "total": 3188.6056477999514,
                                                    "count": 130404,
                                                    "is_parallel": true,
                                                    "self": 36.69172699999035,
                                                    "children": {
                                                        "UnityEnvironment._generate_step_input": {
                                                            "total": 27.31126949999272,
                                                            "count": 130404,
                                                            "is_parallel": true,
                                                            "self": 27.31126949999272
                                                        },
                                                        "communicator.exchange": {
                                                            "total": 3001.291768099975,
                                                            "count": 130404,
                                                            "is_parallel": true,
                                                            "self": 3001.291768099975
                                                        },
                                                        "steps_from_proto": {
                                                            "total": 123.31088319999355,
                                                            "count": 130404,