{
    "name": "root",
    "gauges": {
        "KartAgent.Policy.Entropy.mean": {
            "value": 1.0531553030014038,
            "min": 1.0395338535308838,
            "max": 1.0579755306243896,
            "count": 25
        },
        "KartAgent.Environment.EpisodeLength.mean": {
            "value": 303.43589743589746,
            "min": 299.7692307692308,
            "max": 322.3157894736842,
            "count": 25
        },
        "KartAgent.Policy.ExtrinsicValueEstimate.mean": {
            "value": -0.3098117411136627,
            "min": -0.32516416907310486,
            "max": -0.04110891371965408,
            "count": 25
        },
        "KartAgent.Environment.CumulativeReward.mean": {
            "value": -1.212063043545454,
            "min": -1.2505637957499578,
            "max": -1.1856073886156082,
            "count": 25
        },
        "KartAgent.Policy.ExtrinsicReward.mean": {
            "value": -1.212063043545454,
            "min": -1.2505637957499578,
            "max": -1.1856073886156082,
            "count": 25
        },
        "KartAgent.IsTraining.mean": {
            "value": 1.0,
            "min": 1.0,
            "max": 1.0,
            "count": 25
        },
        "KartAgent.Losses.ValueLoss.mean": {
            "value": 0.009380795061588287,
            "min": 0.007712105289101601,
            "max": 0.01637338474392891,
            "count": 24
        },
        "KartAgent.Losses.PolicyLoss.mean": {
            "value": 0.08082350343465805,
            "min": 0.06671315431594849,
            "max": 0.08082350343465805,
            "count": 24
        },
        "KartAgent.Policy.LearningRate.mean": {
            "value": 0.00029982440173625946,
            "min": 0.00029982440173625946,
            "max": 0.00029999265098012984,
            "count": 24
        },
        "KartAgent.Policy.Epsilon.mean": {
            "value": 0.1999414563179016,
            "min": 0.1999414563179016,
            "max": 0.19999754428863525,
            "count": 24
        },
        "KartAgent.Policy.Beta.mean": {
            "value": 0.0009994205320253968,
            "min": 0.0009994205320253968,
            "max": 0.0009999758331105113,
            "count": 24
        }
    },
    "metadata": {
        "timer_format_version": "0.1.0",
        "start_time_seconds": "1652874742",
        "python_version": "3.7.9 (tags/v3.7.9:13c94747c7, Aug 17 2020, 18:58:18) [MSC v.1900 64 bit (AMD64)]",
        "command_line_arguments": "C:\\Users\\jackl\\Documents\\GitHub\\Jack Kart\\venv\\Scripts\\mlagents-learn config/JackKart.yaml --initialize-from=FINAL_TRAINING_12 --run-id=FINAL_TRAINING_13",
        "mlagents_version": "0.20.0",
        "mlagents_envs_version": "0.20.0",
        "communication_protocol_version": "1.1.0",
        "tensorflow_version": "2.7.1",
        "numpy_version": "1.18.5",
        "end_time_seconds": "1652875501"
    },
    "total": 758.9252228,
    "count": 1,
    "self": 0.014303300000051422,
    "children": {
        "run_training.setup": {
            "total": 0.016894799999999766,
            "count": 1,
            "self": 0.016894799999999766
        },
        "TrainerController.start_learning": {
            "total": 758.8940246999999,
            "count": 1,
            "self": 1.1916324000040959,
            "children": {
                "TrainerController._reset_env": {
                    "total": 11.4872871,
                    "count": 1,
                    "self": 11.4872871
                },
                "TrainerController.advance": {
                    "total": 745.8851780999958,
                    "count": 39352,
                    "self": 0.5964226999875564,
                    "children": {
                        "env_step": {
                            "total": 745.2887554000082,
                            "count": 39352,
                            "self": 703.6323199000136,
                            "children": {
                                "SubprocessEnvManager._take_step": {
                                    "total": 41.048099100004706,
                                    "count": 39352,
                                    "self": 1.3494128999951513,
                                    "children": {
                                        "TFPolicy.evaluate": {
                                            "total": 39.698686200009554,
                                            "count": 38394,
                                            "self": 39.698686200009554
                                        }
                                    }
                                },
                                "workers": {
                                    "total": 0.6083363999899003,
                                    "count": 39351,
                                    "self": 0.0,
                                    "children": {
                                        "worker_root": {
                                            "total": 746.3741547000036,
                                            "count": 39351,
                                            "is_parallel": true,
                                            "self": 112.21540190000178,
                                            "children": {
                                                "steps_from_proto": {
                                                    "total": 0.0014122000000007517,
                                                    "count": 1,
                                                    "is_parallel": true,
                                                    "self": 0.0002581999999993201,
                                                    "children": {
                                                        "_process_vector_observation": {
                                                            "total": 0.0011540000000014317,
                                                            "count": 6,
                                                            "is_parallel": true,
                                                            "self": 0.0011540000000014317
                                                        }
                                                    }
                                                },
                                                "UnityEnvironment.step": {
                                                    "total": 634.1573406000018,
                                                    "count": 39351,
                                                    "is_parallel": true,
                                                    "self": 9.78189919999977,
                                                    "children": {
                                                        "UnityEnvironment._generate_step_input": {
                                                            "total": 6.922995400003673,
                                                            "count": 39351,
                                                            "is_parallel": true,
                                                            "self": 6.922995400003673
                                                        },
                                                        "communicator.exchange": {
                                                            "total": 585.0503209000068,
                                                            "count": 39351,
                                                            "is_parallel": true,
                                                            "self": 585.0503209000068
                                                        },
                                                        "steps_from_proto": {
                                                            "total": 32.40212509999162,
                                                            "count": 39351,