{
    "name": "root",
    "gauges": {
        "KartAgent.Policy.Entropy.mean": {
            "value": 1.0858817100524902,
            "min": 1.0491517782211304,
            "max": 1.0900672674179077,
            "count": 135
        },
        "KartAgent.Environment.EpisodeLength.mean": {
            "value": 332.3333333333333,
            "min": 300.075,
            "max": 362.45454545454544,
            "count": 135
        },
        "KartAgent.Policy.ExtrinsicValueEstimate.mean": {
            "value": -0.30680209398269653,
            "min": -0.3701883554458618,
            "max": -0.04383458197116852,
            "count": 135
        },
        "KartAgent.Environment.CumulativeReward.mean": {
            "value": -1.2914266089598339,
            "min": -1.329201480921577,
            "max": -1.187381786108017,
            "count": 135
        },
        "KartAgent.Policy.ExtrinsicReward.mean": {
            "value": -1.2914266089598339,
            "min": -1.329201480921577,
            "max": -1.187381786108017,
            "count": 135
        },
        "KartAgent.IsTraining.mean": {
            "value": 1.0,
            "min": 1.0,
            "max": 1.0,
            "count": 135
        },
        "KartAgent.Losses.ValueLoss.mean": {
            "value": 0.009190594777464867,
            "min": 0.005194698926061392,
            "max": 0.016986986622214317,
            "count": 133
        },
        "KartAgent.Losses.PolicyLoss.mean": {
            "value": 0.07032892107963562,
            "min": 0.06532926112413406,
            "max": 0.08270826935768127,
            "count": 133
        },
        "KartAgent.Policy.LearningRate.mean": {
            "value": 0.0002990292850881815,
            "min": 0.0002990292850881815,
            "max": 0.00029999250546097755,
            "count": 133
        },
        "KartAgent.Policy.Epsilon.mean": {
            "value": 0.19967640936374664,
            "min": 0.19967640936374664,
            "max": 0.19999751448631287,
            "count": 133
        },
        "KartAgent.Policy.Beta.mean": {
            "value": 0.0009967967635020614,
            "min": 0.0009967967635020614,
            "max": 0.0009999756002798676,
            "count": 133
        }
    },
    "metadata": {
        "timer_format_version": "0.1.0",
        "start_time_seconds": "1652876897",
        "python_version": "3.7.9 (tags/v3.7.9:13c94747c7, Aug 17 2020, 18:58:18) [MSC v.1900 64 bit (AMD64)]",
        "command_line_arguments": "C:\\Users\\jackl\\Documents\\GitHub\\Jack Kart\\venv\\Scripts\\mlagents-learn config/JackKart.yaml --initialize-from=FINAL_TRAINING_12 --run-id=FINAL_TRAINING_13",
        "mlagents_version": "0.20.0",
        "mlagents_envs_version": "0.20.0",
        "communication_protocol_version": "1.1.0",
        "tensorflow_version": "2.7.1",
        "numpy_version": "1.18.5",
        "end_time_seconds": "1652880619"
    },
    "total": 3721.5769299,
    "count": 1,
    "self": 0.17956429999958345,
    "children": {
        "run_training.setup": {
            "total": 0.01838269999999964,
            "count": 1,
            "self": 0.01838269999999964
        },
        "TrainerController.start_learning": {
            "total": 3721.3789829,
            "count": 1,
            "self": 6.13390429995161,
            "children": {
                "TrainerController._reset_env": {
                    "total": 11.8002215,
                    "count": 1,
                    "self": 11.8002215
                },
                "TrainerController.advance": {
                    "total": 3703.1332148000483,
                    "count": 208279,
                    "self": 3.0164809001134927,
                    "children": {
                        "env_step": {
                            "total": 3700.116733899935,
                            "count": 208279,
                            "self": 3477.56165239998,
                            "children": {
                                "SubprocessEnvManager._take_step": {
                                    "total": 219.16936689998602,
                                    "count": 208279,
                                    "self": 7.12783989998519,
                                    "children": {
                                        "TFPolicy.evaluate": {
                                            "total": 212.04152700000083,
                                            "count": 203477,
                                            "self": 212.04152700000083
                                        }
                                    }
                                },
                                "workers": {
                                    "total": 3.3857145999685887,
                                    "count": 208278,
                                    "self": 0.0,
                                    "children": {
                                        "worker_root": {
                                            "total": 3700.464470200068,
                                            "count": 208278,
                                            "is_parallel": true,
                                            "self": 599.704172600008,
                                            "children": {
                                                "steps_from_proto": {
                                                    "total": 0.0012641000000002123,
                                                    "count": 1,
                                                    "is_parallel": true,
                                                    "self": 0.0002532000000030621,
                                                    "children": {
                                                        "_process_vector_observation": {
                                                            "total": 0.0010108999999971502,
                                                            "count": 6,
                                                            "is_parallel": true,
                                                            "self": 0.0010108999999971502
                                                        }
                                                    }
                                                },
                                                "UnityEnvironment.step": {
                                                    "total": 3100.75903350006,
                                                    "count": 208278,
                                                    "is_parallel": true,
                                                    "self": 53.95725709998578,
                                                    "children": {
                                                        "UnityEnvironment._generate_step_input": {
                                                            "total": 37.834697900116076,
                                                            "count": 208278,
                                                            "is_parallel": true,
                                                            "self": 37.834697900116076
                                                        },
                                                        "communicator.exchange": {
                                                            "total": 2829.901528299965,
                                                            "count": 208278,
                                                            "is_parallel": true,
                                                            "self": 2829.901528299965
                                                        },
                                                        "steps_from_proto": {
                                                            "total": 179.06555019999325,
                                                            "count": 208278,