{
    "name": "root",
    "gauges": {
        "KartAgent.Policy.Entropy.mean": {
            "value": 1.2233132123947144,
            "min": 1.2215152978897095,
            "max": 1.399135708808899,
            "count": 74
        },
        "KartAgent.Policy.ExtrinsicValueEstimate.mean": {
            "value": -0.1432453989982605,
            "min": -0.16691358387470245,
            "max": -0.04672109708189964,
            "count": 74
        },
        "KartAgent.IsTraining.mean": {
            "value": 1.0,
            "min": 1.0,
            "max": 1.0,
            "count": 74
        },
        "KartAgent.Losses.ValueLoss.mean": {
            "value": 0.0031516992021352053,
            "min": 0.00019430782413110137,
            "max": 0.004001989960670471,
            "count": 71
        },
        "KartAgent.Losses.PolicyLoss.mean": {
            "value": 0.07425474375486374,
            "min": 0.06654734909534454,
            "max": 0.0813446044921875,
            "count": 71
        },
        "KartAgent.Policy.LearningRate.mean": {
            "value": 0.0002994673850480467,
            "min": 0.0002994673850480467,
            "max": 0.00029999040998518467,
            "count": 71
        },
        "KartAgent.Policy.Epsilon.mean": {
            "value": 0.19982244074344635,
            "min": 0.19982244074344635,
            "max": 0.19999679923057556,
            "count": 71
        },
        "KartAgent.Policy.Beta.mean": {
            "value": 0.00099824252538383,
            "min": 0.00099824252538383,
            "max": 0.0009999682661145926,
            "count": 71
        },
        "KartAgent.Environment.EpisodeLength.mean": {
            "value": 1234.125,
            "min": 1157.857142857143,
            "max": 2173.625,
            "count": 73
        },
        "KartAgent.Environment.CumulativeReward.mean": {
            "value": -2.2271586135029793,
            "min": -3.565289331333978,
            "max": -1.3995953440666198,
            "count": 73
        },
        "KartAgent.Policy.ExtrinsicReward.mean": {
            "value": -2.2271586135029793,
            "min": -3.565289331333978,
            "max": -1.3995953440666198,
            "count": 73
        }
    },
    "metadata": {
        "timer_format_version": "0.1.0",
        "start_time_seconds": "1652793417",
        "python_version": "3.7.9 (tags/v3.7.9:13c94747c7, Aug 17 2020, 18:58:18) [MSC v.1900 64 bit (AMD64)]",
        "command_line_arguments": "C:\\Users\\jackl\\Documents\\GitHub\\Jack Kart\\venv\\Scripts\\mlagents-learn config/JackKart.yaml --initialize-from=FINAL_TRAINING_07 --run-id=FINAL_TRAINING_08",
        "mlagents_version": "0.20.0",
        "mlagents_envs_version": "0.20.0",
        "communication_protocol_version": "1.1.0",
        "tensorflow_version": "2.7.1",
        "numpy_version": "1.18.5",
        "end_time_seconds": "1652796244"
    },
    "total": 2827.5309589999997,
    "count": 1,
    "self": 0.9102686999995058,
    "children": {
        "run_training.setup": {
            "total": 0.011191199999999846,
            "count": 1,
            "self": 0.011191199999999846
        },
        "TrainerController.start_learning": {
            "total": 2826.6094991,
            "count": 1,
            "self": 3.0071489000433758,
            "children": {
                "TrainerController._reset_env": {
                    "total": 12.537713000000002,
                    "count": 1,
                    "self": 12.537713000000002
                },
                "TrainerController.advance": {
                    "total": 2810.531492999956,
                    "count": 112501,
                    "self": 1.4475205999879108,
                    "children": {
                        "env_step": {
                            "total": 2809.083972399968,
                            "count": 112501,
                            "self": 2704.0338314999176,
                            "children": {
                                "SubprocessEnvManager._take_step": {
                                    "total": 103.44481969998134,
                                    "count": 112501,
                                    "self": 3.4877305000150045,
                                    "children": {
                                        "TFPolicy.evaluate": {
                                            "total": 99.95708919996633,
                                            "count": 112074,
                                            "self": 99.95708919996633
                                        }
                                    }
                                },
                                "workers": {
                                    "total": 1.6053212000689427,
                                    "count": 112500,
                                    "self": 0.0,
                                    "children": {
                                        "worker_root": {
                                            "total": 2809.720113499964,
                                            "count": 112500,
                                            "is_parallel": true,
                                            "self": 270.7357085999429,
                                            "children": {
                                                "steps_from_proto": {
                                                    "total": 0.001221100000000419,
                                                    "count": 1,
                                                    "is_parallel": true,
                                                    "self": 0.00025220000000203413,
                                                    "children": {
                                                        "_process_vector_observation": {
                                                            "total": 0.0009688999999983849,
                                                            "count": 6,
                                                            "is_parallel": true,
                                                            "self": 0.0009688999999983849
                                                        }
                                                    }
                                                },
                                                "UnityEnvironment.step": {
                                                    "total": 2538.9831838000214,
                                                    "count": 112500,
                                                    "is_parallel": true,
                                                    "self": 23.503604900101436,
                                                    "children": {
                                                        "UnityEnvironment._generate_step_input": {
                                                            "total": 16.69215009995308,
                                                            "count": 112500,
                                                            "is_parallel": true,
                                                            "self": 16.69215009995308
                                                        },
                                                        "communicator.exchange": {
                                                            "total": 2423.3510691000256,
                                                            "count": 112500,
                                                            "is_parallel": true,
                                                            "self": 2423.3510691000256
                                                        },
                                                        "steps_from_proto": {
                                                            "total": 75.4363596999417,
                                                            "count": 112500,