{
    "name": "root",
    "metadata": {
        "timer_format_version": "0.1.0",
        "start_time_seconds": "1652805991",
        "python_version": "3.7.9 (tags/v3.7.9:13c94747c7, Aug 17 2020, 18:58:18) [MSC v.1900 64 bit (AMD64)]",
        "command_line_arguments": "C:\\Users\\jackl\\Documents\\GitHub\\Jack Kart\\venv\\Scripts\\mlagents-learn config/JackKart.yaml --initialize-from=FINAL_TRAINING_08 --run-id=FINAL_TRAINING_09",
        "mlagents_version": "0.20.0",
        "mlagents_envs_version": "0.20.0",
        "communication_protocol_version": "1.1.0",
        "tensorflow_version": "2.7.1",
        "numpy_version": "1.18.5",
        "end_time_seconds": "1652809701"
    },
    "total": 3709.145904,
    "count": 1,
    "self": 9.958426599999711,
    "children": {
        "run_training.setup": {
            "total": 0.032378400000000696,
            "count": 1,
            "self": 0.032378400000000696
        },
        "TrainerController.start_learning": {
            "total": 3699.155099,
            "count": 1,
            "self": 3.7921662999888213,
            "children": {
                "TrainerController._reset_env": {
                    "total": 13.633526000000002,
                    "count": 1,
                    "self": 13.633526000000002
                },
                "TrainerController.advance": {
                    "total": 3680.848960700011,
                    "count": 143823,
                    "self": 1.8725301000426953,
                    "children": {
                        "env_step": {
                            "total": 3678.9764305999684,
                            "count": 143823,
                            "self": 3542.2020438999666,
                            "children": {
                                "SubprocessEnvManager._take_step": {
                                    "total": 134.75515950006275,
                                    "count": 143823,
                                    "self": 4.408557100136079,
                                    "children": {
                                        "TFPolicy.evaluate": {
                                            "total": 130.34660239992667,
                                            "count": 143172,
                                            "self": 130.34660239992667
                                        }
                                    }
                                },
                                "workers": {
                                    "total": 2.019227199939042,
                                    "count": 143822,
                                    "self": 0.0,
                                    "children": {
                                        "worker_root": {
                                            "total": 3619.829670299915,
                                            "count": 143822,
                                            "is_parallel": true,
                                            "self": 356.1627339999268,
                                            "children": {
                                                "steps_from_proto": {
                                                    "total": 0.005343699999999174,
                                                    "count": 1,
                                                    "is_parallel": true,
                                                    "self": 0.00035599999999647025,
                                                    "children": {
                                                        "_process_vector_observation": {
                                                            "total": 0.004987700000002704,
                                                            "count": 6,
                                                            "is_parallel": true,
                                                            "self": 0.004987700000002704
                                                        }
                                                    }
                                                },
                                                "UnityEnvironment.step": {
                                                    "total": 3263.661592599988,
                                                    "count": 143822,
                                                    "is_parallel": true,
                                                    "self": 33.017729599868744,
                                                    "children": {
                                                        "UnityEnvironment._generate_step_input": {
                                                            "total": 23.78283300008217,
                                                            "count": 143822,
                                                            "is_parallel": true,
                                                            "self": 23.78283300008217
                                                        },
                                                        "communicator.exchange": {
                                                            "total": 3101.3205965000093,
                                                            "count": 143822,
                                                            "is_parallel": true,
                                                            "self": 3101.3205965000093
                                                        },
                                                        "steps_from_proto": {
                                                            "total": 105.54043350002802,
                                                            "count": 143822,
                                                            "is_parallel": true,
                                                            "self": 23.882279100126837,
                                                            "children": {
                                                                "_process_vector_observation": {
                                                                    "total": 81.65815439990118,
                                                                    "count": 862932,
                                                                    "is_parallel": true,
                                                                    "self": 81.65815439990118
                                                                }
                                                            }
                                                        }
                                                    }
                                                }
                                            }
                                        }
                                    }
                                }
                            }
                        }
                    }
                },
                "TrainerController._save_models": {
                    "total": 0.88044600000012,
                    "count": 1,
                    "self": 0.04264430000011998,
                    "children": {
                        "RLTrainer._checkpoint": {
                            "total": 0.8378017,
                            "count": 1,
                            "self": 0.8378017
                        }
                    }
                }
            }
        }
    }
}